left_secondary_x,left_secondary_y,left_secondary_z,left_wingtip_x,left_wingtip_y,left_wingtip_z,left_primary_x,left_primary_y,left_primary_z,left_shoulder_x,left_shoulder_y,left_shoulder_z,left_tailbase_x,left_tailbase_y,left_tailbase_z,left_tailtip_x,left_tailtip_y,left_tailtip_z,right_tailtip_x,right_tailtip_y,right_tailtip_z,right_tailbase_x,right_tailbase_y,right_tailbase_z,tailpack_x,tailpack_y,tailpack_z,hood_x,hood_y,hood_z,right_shoulder_x,right_shoulder_y,right_shoulder_z,right_primary_x,right_primary_y,right_primary_z,right_wingtip_x,right_wingtip_y,right_wingtip_z,right_secondary_x,right_secondary_y,right_secondary_z
-0.184802997754156,-0.0497719957293513,-0.0106398041827101,-0.29767160634814,0.0376967712355156,-0.0420589605765871,-0.224248194762917,0.0732943233198015,-0.0547817356136084,-0.06,0.06,-0.045,-0.05,-0.08,-0.005,-0.124024651998862,-0.146003933491436,-0.0157969674341363,0.124024651998862,-0.146003933491436,-0.0157969674341363,0.05,-0.08,-0.005,0.00438094274520754,-0.131430239927488,1.59900119581856e-18,3.74316291197987e-05,0.0705002454597361,-0.0617023699187913,0.06,0.06,-0.045,0.224248194762917,0.0732943233198015,-0.0547817356136084,0.29767160634814,0.0376967712355156,-0.0420589605765871,0.184802997754156,-0.0497719957293513,-0.0106398041827101
